playlist_id,total_16,growth_17,growth_18,growth_19,growth_20,total_18,total_19,total_20,was_suspicious,reason
815,0,0,0,0,0,0,0,0,no,
816,0,0,0,0,0,0,0,0,no,
814,0,0,0,0,0,0,0,0,no,
652,1,0,0,0,0,1,1,1,no,
649,1,0,0,0,0,1,1,1,no,
654,0,0,0,0,0,0,0,0,no,
651,0,0,0,0,0,0,0,0,no,
631,0,0,0,0,0,0,0,0,no,
630,0,0,0,0,0,0,0,0,no,
629,0,0,0,0,0,0,0,0,no,
628,0,0,0,0,0,0,0,0,no,
627,0,0,0,0,0,0,0,0,no,
626,0,0,0,0,0,0,0,0,no,
625,0,0,0,0,0,0,0,0,no,
624,0,0,0,0,0,0,0,0,no,
623,0,0,0,0,0,0,0,0,no,
622,0,0,0,0,0,0,0,0,no,
621,0,0,0,0,0,0,0,0,no,
620,0,0,0,0,0,0,0,0,no,
619,0,0,0,0,0,0,0,0,no,
618,0,0,0,0,0,0,0,0,no,
617,0,0,0,0,0,0,0,0,no,
616,0,0,0,0,0,0,0,0,no,
615,0,0,0,0,0,0,0,0,no,
614,0,0,0,0,0,0,0,0,no,
613,0,0,0,0,0,0,0,0,no,
612,0,0,0,0,0,0,0,0,no,
611,0,0,0,0,0,0,0,0,no,
610,0,0,0,0,0,0,0,0,no,
608,0,0,0,0,0,0,0,0,no,
609,0,0,0,0,0,0,0,0,no,
607,0,0,0,0,0,0,0,0,no,
606,0,0,0,0,0,0,0,0,no,
605,0,0,0,0,0,0,0,0,no,
604,0,0,0,0,0,0,0,0,no,
603,0,0,0,0,0,0,0,0,no,
602,0,0,0,0,0,0,0,0,no,
601,0,0,0,0,0,0,0,0,no,
600,0,0,0,0,0,0,0,0,no,
599,0,0,0,0,0,0,0,0,no,
598,0,0,0,0,0,0,0,0,no,
597,0,0,0,0,0,0,0,0,no,
596,0,0,0,0,0,0,0,0,no,
595,0,0,0,0,0,0,0,0,no,
594,0,0,0,0,0,0,0,0,no,
487,4,0,0,0,0,4,4,4,no,
488,4,0,0,0,0,4,4,4,no,
490,4,0,0,0,0,4,4,4,no,
491,4,0,0,0,0,4,4,4,no,
493,3,0,0,0,0,3,3,3,no,
495,3,0,0,0,0,3,3,3,no,
496,4,0,0,0,0,4,4,4,no,
1,16,0,0,0,0,16,16,16,no,
2,22,0,0,0,0,22,22,22,no,
3,21,0,0,0,0,21,21,21,no,
4,34,0,0,0,0,34,34,34,no,
5,12,0,0,0,0,12,12,12,no,
6,0,0,0,0,0,0,0,0,no,
7,24,0,0,0,0,24,24,24,no,
8,46,0,0,0,0,46,46,46,no,
9,16,0,0,0,0,16,16,16,no,
10,56,0,0,2,1,56,58,59,no,
11,150,0,1,5,0,151,156,156,no,
12,58,1,0,1,0,59,60,60,no,
13,2,0,0,0,0,2,2,2,no,
14,48,0,0,0,1,48,48,49,no,
15,21,0,0,0,0,21,21,21,no,
16,31,0,0,0,0,31,31,31,no,
17,0,0,0,0,0,0,0,0,no,
18,60,0,0,-1,0,60,59,59,no,
19,3,0,0,0,0,3,3,3,no,
20,36,0,1,0,0,37,37,37,no,
21,28,2,0,0,1,30,30,31,no,
22,12,0,0,0,0,12,12,12,no,
23,31,1,0,0,0,32,32,32,no,
24,24,0,0,0,0,24,24,24,no,
25,18,0,0,0,0,18,18,18,no,
26,47,0,0,0,0,47,47,47,no,
27,11,0,0,0,0,11,11,11,no,
28,8,0,0,0,0,8,8,8,no,
29,30,0,0,0,0,30,30,30,no,
30,23,0,0,0,0,23,23,23,no,
31,40,0,0,0,0,40,40,40,no,
32,21,0,0,0,0,21,21,21,no,
33,20,0,0,0,0,20,20,20,no,
34,23,-1,0,0,1,22,22,23,no,
35,59,0,0,0,0,59,59,59,no,
36,15,0,0,0,0,15,15,15,no,
37,6,0,0,0,0,6,6,6,no,
500,0,0,0,0,0,0,0,0,no,
471,0,0,0,0,0,0,0,0,no,
472,0,0,0,0,0,0,0,0,no,
473,0,0,0,0,0,0,0,0,no,
155,0,0,0,0,0,0,0,0,no,
38,0,0,0,0,0,0,0,0,no,
39,0,0,0,0,0,0,0,0,no,
40,0,0,0,0,0,0,0,0,no,
41,0,0,0,0,0,0,0,0,no,
42,0,0,0,0,0,0,0,0,no,
43,92,0,0,3,0,92,95,95,no,
44,122,1,0,0,0,123,123,123,no,
45,42,0,0,1,0,42,43,43,no,
46,63,0,0,0,0,63,63,63,no,
47,107,1,0,0,0,108,108,108,no,
48,40,0,0,0,0,40,40,40,no,
49,258,2,-1,1,2,259,260,262,no,
50,105,0,1,0,0,106,106,106,no,
156,74,0,0,0,0,74,74,74,no,
157,206,-1,0,0,0,205,205,205,no,
158,157,1,2,4,4,160,164,168,no,
159,512,8,0,2,5,520,522,527,no,
497,96,0,0,0,0,96,96,96,no,
161,101,1,1,3,0,103,106,106,no,
162,2143,6,6,2,1,2155,2157,2158,no,
163,251,2,-1,2,1,252,254,255,no,
164,165,1,2,1,0,168,169,169,no,
165,82,0,0,1,0,82,83,83,no,
166,193,1,0,1,0,194,195,195,no,
167,177,1,1,5,-1,179,184,183,no,
168,106,1,0,2,0,107,109,109,no,
169,91,0,0,0,0,91,91,91,no,
170,145,1,0,1,2,146,147,149,no,
171,33,0,0,0,0,33,33,33,no,
172,117,2,1,1,0,120,121,121,no,
173,143,0,0,0,0,143,143,143,no,
174,61,0,0,0,1,61,61,62,no,
175,83,1,0,0,0,84,84,84,no,
176,49,0,0,1,1,49,50,51,no,
498,182,0,0,3,0,182,185,185,no,
178,314,0,0,1,5,314,315,320,no,
179,335,1,3,2,2,339,341,343,no,
180,123,0,0,0,1,123,123,124,no,
181,377,3,0,8,7,380,388,395,no,
182,128,0,0,1,0,128,129,129,no,
183,412,3,3,4,4,418,422,426,no,
184,178,1,0,0,0,179,179,179,no,
185,663,2,1,7,5,666,673,678,no,
186,209,2,0,2,1,211,213,214,no,
187,179,2,1,0,1,182,182,183,no,
188,236,6,3,0,8,245,245,253,no,
189,81,0,0,1,0,81,82,82,no,
190,229,3,1,3,1,233,236,237,no,
191,89,0,0,0,0,89,89,89,no,
192,145,0,0,1,0,145,146,146,no,
193,186,0,0,1,0,186,187,187,no,
194,80,0,0,0,0,80,80,80,no,
195,66,0,0,0,0,66,66,66,no,
196,188,2,3,1,0,193,194,194,no,
197,31,0,0,0,0,31,31,31,no,
198,194,1,0,6,0,195,201,201,no,
199,312,1,0,0,0,313,313,313,no,
200,172,0,0,0,1,172,172,173,no,
201,97,0,0,1,0,97,98,98,no,
202,56,0,0,0,0,56,56,56,no,
151,4,0,0,-1,0,4,3,3,no,
154,4,0,0,-1,0,4,3,3,no,
477,4,0,0,-1,0,4,3,3,no,
481,4,0,0,-1,0,4,3,3,no,
482,4,0,0,-1,0,4,3,3,no,
51,10,-1,0,0,0,9,9,9,no,
52,1,0,0,0,0,1,1,1,no,
53,3,0,0,0,0,3,3,3,no,
54,9,0,0,0,0,9,9,9,no,
55,9,0,0,0,0,9,9,9,no,
56,3,0,0,0,0,3,3,3,no,
57,4,0,0,0,0,4,4,4,no,
58,5,0,0,0,0,5,5,5,no,
59,9,0,0,0,0,9,9,9,no,
60,4,0,0,0,0,4,4,4,no,
61,95,1,2,1,0,98,99,99,no,
62,74,2,0,0,0,76,76,76,no,
63,1,0,0,0,0,1,1,1,no,
64,29,0,1,0,0,30,30,30,no,
65,23,0,0,0,0,23,23,23,no,
66,39,0,0,0,0,39,39,39,no,
67,31,0,0,0,0,31,31,31,no,
68,8,0,0,0,0,8,8,8,no,
69,13,0,0,0,0,13,13,13,no,
70,13,0,0,0,0,13,13,13,no,
71,3,0,0,0,0,3,3,3,no,
72,25,0,0,0,0,25,25,25,no,
73,15,0,0,0,0,15,15,15,no,
74,73,1,0,0,0,74,74,74,no,
75,11,0,0,0,0,11,11,11,no,
76,17,0,0,0,0,17,17,17,no,
77,23,0,0,0,0,23,23,23,no,
78,11,0,0,0,0,11,11,11,no,
79,17,0,0,0,0,17,17,17,no,
80,21,-1,0,0,0,20,20,20,no,
81,20,0,0,0,0,20,20,20,no,
82,19,1,0,0,0,20,20,20,no,
83,40,0,0,-1,0,40,39,39,no,
84,81,0,2,2,1,83,85,86,no,
85,40,0,0,0,2,40,40,42,no,
86,37,0,0,0,0,37,37,37,no,
87,90,0,0,-1,0,90,89,89,no,
88,203,1,0,1,1,204,205,206,no,
89,34,0,0,0,0,34,34,34,no,
90,72,0,0,0,1,72,72,73,no,
91,46,0,0,0,0,46,46,46,no,
92,57,0,0,0,0,57,57,57,no,
93,57,0,1,0,0,58,58,58,no,
94,76,1,1,1,0,78,79,79,no,
95,23,0,0,0,0,23,23,23,no,
96,2,0,0,0,0,2,2,2,no,
97,81,0,1,0,1,82,82,83,no,
98,20,0,0,0,0,20,20,20,no,
99,60,0,1,1,-2,61,62,60,no,
100,486,3,1,1,7,490,491,498,no,
378,68,1,0,0,0,69,69,69,no,
379,102,0,0,0,0,102,102,102,no,
380,41,1,0,0,1,42,42,43,no,
381,370,3,3,1,0,376,377,377,no,
382,78,-1,0,0,0,77,77,77,no,
383,36,0,1,0,1,37,37,38,no,
384,46,0,0,0,0,46,46,46,no,
385,319,4,2,1,1,325,326,327,no,
386,73,1,0,1,1,74,75,76,no,
387,71,0,1,0,0,72,72,72,no,
388,88,2,0,4,0,90,94,94,no,
389,149,0,0,1,1,149,150,151,no,
390,107,0,2,0,0,109,109,109,no,
391,98,2,0,2,2,100,102,104,no,
392,94,0,0,0,0,94,94,94,no,
393,204,0,2,0,2,206,206,208,no,
394,61,0,1,1,0,62,63,63,no,
395,227,3,3,3,0,233,236,236,no,
396,203,3,1,4,1,207,211,212,no,
397,105,0,0,2,0,105,107,107,no,
398,7,0,0,0,0,7,7,7,no,
399,61,0,0,1,0,61,62,62,no,
400,318,3,4,2,7,325,327,334,no,
401,18,1,0,0,1,19,19,20,no,
402,44,0,0,0,0,44,44,44,no,
443,25,0,0,1,0,25,26,26,no,
444,30,0,0,0,0,30,30,30,no,
177,182,0,0,3,0,182,185,185,no,
445,1,0,0,0,0,1,1,1,no,
446,0,0,0,0,0,0,0,0,no,
447,36,0,0,0,1,36,36,37,no,
448,53,1,-1,2,-1,53,55,54,no,
449,38,1,0,0,0,39,39,39,no,
450,123,3,-1,1,3,125,126,129,no,
451,100,-1,2,0,1,101,101,102,no,
452,121,-1,1,1,2,121,122,124,no,
453,255,5,7,4,5,267,271,276,no,
454,201,-1,0,1,1,200,201,202,no,
455,83,0,0,0,1,83,83,84,no,
456,103,0,0,0,1,103,103,104,no,
457,91,0,0,1,-1,91,92,91,no,
458,16,0,0,0,0,16,16,16,no,
459,13,0,0,0,0,13,13,13,no,
499,0,0,0,0,0,0,0,0,no,
485,4,0,0,-1,0,4,3,3,no,
486,4,0,0,-1,0,4,3,3,no,
489,4,0,0,-1,0,4,3,3,no,
153,3,0,0,0,0,3,3,3,no,
152,3,0,0,-1,0,3,2,2,no,
492,4,0,0,-1,0,4,3,3,no,
494,4,0,0,-1,0,4,3,3,no,
101,133,0,0,3,4,133,136,140,no,
102,57,0,0,0,0,57,57,57,no,
103,26,0,0,0,0,26,26,26,no,
104,38,0,0,1,-1,38,39,38,no,
105,53,2,0,0,0,55,55,55,no,
106,14,0,0,0,0,14,14,14,no,
107,26,0,0,0,0,26,26,26,no,
108,324,11,4,5,5,339,344,349,no,
109,264,5,2,5,4,271,276,280,no,
110,98,2,-1,0,1,99,99,100,no,
111,291,1,2,1,5,294,295,300,no,
112,188,2,4,8,1,194,202,203,no,
113,67,0,1,1,1,68,69,70,no,
114,158,3,0,2,2,161,163,165,no,
115,85,2,0,1,1,87,88,89,no,
116,114,2,0,0,2,116,116,118,no,
117,43,0,0,0,1,43,43,44,no,
118,266,3,2,5,5,271,276,281,no,
119,376,5,1,6,2,382,388,390,no,
120,475,5,7,9,10,487,496,506,no,
121,835,20,4,20,18,859,879,897,no,
122,188,7,1,1,0,196,197,197,no,
123,66,0,0,0,0,66,66,66,no,
124,181,0,0,0,1,181,181,182,no,
125,125,2,0,2,1,127,129,130,no,
126,480,5,2,5,5,487,492,497,no,
127,271,2,2,4,2,275,279,281,no,
128,74,1,0,0,0,75,75,75,no,
129,55,0,0,0,0,55,55,55,no,
130,109,3,0,2,-1,112,114,113,no,
131,35,0,0,0,0,35,35,35,no,
132,125,2,0,2,3,127,129,132,no,
133,301,1,2,4,4,304,308,312,no,
134,53,0,0,0,0,53,53,53,no,
135,84,1,0,2,0,85,87,87,no,
136,129,0,1,2,1,130,132,133,no,
137,120,0,0,0,0,120,120,120,no,
138,68,0,1,1,0,69,70,70,no,
139,117,2,1,2,1,120,122,123,no,
140,85,1,1,0,1,87,87,88,no,
141,122,0,0,2,0,122,124,124,no,
142,108,0,0,0,0,108,108,108,no,
143,280,1,1,3,2,282,285,287,no,
144,93,0,0,0,0,93,93,93,no,
145,270,0,0,-1,0,270,269,269,no,
146,61,0,0,0,0,61,61,61,no,
147,270,3,9,6,5,282,288,293,no,
148,48,1,0,0,0,49,49,49,no,
149,113,0,0,2,0,113,115,115,no,
150,71,1,0,0,2,72,72,74,no,
410,25,0,0,0,0,25,25,25,no,
411,38,0,1,0,0,39,39,39,no,
412,155,0,0,1,0,155,156,156,no,
413,70,0,0,0,0,70,70,70,no,
414,46,0,0,0,0,46,46,46,no,
415,205,0,1,-1,2,206,205,207,no,
416,87,1,1,1,0,89,90,90,no,
417,151,3,0,2,0,154,156,156,no,
418,174,1,0,0,0,175,175,175,no,
419,48,0,0,0,0,48,48,48,no,
420,335,8,2,6,1,345,351,352,no,
421,31,0,0,0,0,31,31,31,no,
422,468,7,2,9,9,477,486,495,no,
423,54,0,0,0,0,54,54,54,no,
424,310,0,1,12,6,311,323,329,no,
425,203,4,2,7,4,209,216,220,no,
426,184,-1,0,1,1,183,184,185,no,
427,56,1,0,0,0,57,57,57,no,
428,627,5,2,2,5,634,636,641,no,
429,242,0,0,3,3,242,245,248,no,
430,117,1,0,1,0,118,119,119,no,
431,115,2,1,0,5,118,118,123,no,
432,125,0,0,0,0,125,125,125,no,
433,74,-2,0,1,-1,72,73,72,no,
434,164,2,1,3,1,167,170,171,no,
435,135,-1,1,3,2,135,138,140,no,
436,318,2,1,3,2,321,324,326,no,
160,96,0,0,0,0,96,96,96,no,
437,103,0,0,1,0,103,104,104,no,
438,278,2,4,3,3,284,287,290,no,
439,167,0,2,1,0,169,170,170,no,
440,60,0,0,0,0,60,60,60,no,
441,156,-2,0,3,2,154,157,159,no,
442,90,0,0,2,0,90,92,92,no,
656,15,0,1,1,0,16,17,17,no,
657,25,1,3,5,1,29,34,35,no,
658,15,1,0,0,0,16,16,16,no,
659,37,2,1,4,4,40,44,48,no,
660,27,5,1,4,6,33,37,43,no,
661,7,-1,1,3,1,7,10,11,no,
662,6,0,1,1,0,7,8,8,no,
663,13,0,0,0,1,13,13,14,no,
664,4,0,0,1,0,4,5,5,no,
665,25,5,1,3,1,31,34,35,no,
666,3,0,0,0,0,3,3,3,no,
667,48,1,1,2,1,50,52,53,no,
668,44,1,1,1,0,46,47,47,no,
669,120,4,2,11,6,126,137,143,no,
670,67,1,1,1,3,69,70,73,no,
671,25,1,0,0,0,26,26,26,no,
672,4,0,0,0,0,4,4,4,no,
673,26,1,0,0,0,27,27,27,no,
674,25,3,0,0,0,28,28,28,no,
675,46,4,2,4,4,52,56,60,no,
676,33,3,2,2,1,38,40,41,no,
677,15,0,0,1,0,15,16,16,no,
678,67,3,0,2,0,70,72,72,no,
679,42,0,0,1,-1,42,43,42,no,
680,7,0,0,0,0,7,7,7,no,
681,14,0,0,0,0,14,14,14,no,
682,4,0,0,0,0,4,4,4,no,
683,6,0,0,0,0,6,6,6,no,
684,38,0,0,3,0,38,41,41,no,
685,130,4,0,2,2,134,136,138,no,
686,6,0,0,0,1,6,6,7,no,
687,12,0,0,0,0,12,12,12,no,
688,50,0,1,1,4,51,52,56,no,
689,15,0,1,0,1,16,16,17,no,
690,25,0,0,3,0,25,28,28,no,
691,24,0,0,1,0,24,25,25,no,
692,90,1,0,1,1,91,92,93,no,
693,29,1,0,3,2,30,33,35,no,
694,36,1,0,0,1,37,37,38,no,
695,9,0,1,0,2,10,10,12,no,
696,9,0,1,0,1,10,10,11,no,
697,40,1,0,0,2,41,41,43,no,
698,89,0,1,-1,0,90,89,89,no,
699,15,0,0,0,0,15,15,15,no,
700,79,2,0,2,0,81,83,83,no,
701,20,0,0,0,1,20,20,21,no,
702,16,1,1,0,0,18,18,18,no,
703,26,0,1,3,0,27,30,30,no,
704,7,0,0,0,0,7,7,7,no,
705,38,0,0,0,1,38,38,39,no,
706,56,1,0,1,1,57,58,59,no,
707,28,0,0,0,0,28,28,28,no,
708,6,0,0,0,0,6,6,6,no,
709,19,1,0,0,1,20,20,21,no,
710,18,2,0,2,0,20,22,22,no,
711,52,1,0,1,0,53,54,54,no,
712,68,-1,0,0,0,67,67,67,no,
713,11,0,0,0,0,11,11,11,no,
714,89,3,3,3,4,95,98,102,no,
715,15,0,0,0,0,15,15,15,no,
716,5,0,0,0,0,5,5,5,no,
717,51,0,1,0,0,52,52,52,no,
718,118,0,0,3,1,118,121,122,no,
719,54,1,0,0,1,55,55,56,no,
720,33,0,0,0,0,33,33,33,no,
721,47,2,0,2,0,49,51,51,no,
722,78,0,0,0,2,78,78,80,no,
723,86,3,0,2,0,89,91,91,no,
724,6,0,0,0,0,6,6,6,no,
725,213,3,-1,2,6,215,217,223,no,
726,21,0,0,0,0,21,21,21,no,
727,3,0,0,0,0,3,3,3,no,
728,15,0,0,0,2,15,15,17,no,
729,11,0,0,0,0,11,11,11,no,
730,63,0,0,6,2,63,69,71,no,
731,104,0,2,4,2,106,110,112,no,
732,67,0,1,3,0,68,71,71,no,
817,52,36,15,24,12,103,127,139,no,
813,0,0,0,0,0,0,0,0,no,
733,40,6,0,5,1,46,51,52,no,
734,68,6,3,12,7,77,89,96,no,
735,40,4,3,6,0,47,53,53,no,
736,37,3,1,6,3,41,47,50,no,
737,38,4,2,5,1,44,49,50,no,
738,26,3,1,2,2,30,32,34,no,
739,24,0,0,2,2,24,26,28,no,
740,55,5,3,7,5,63,70,75,no,
741,17,1,1,1,0,19,20,20,no,
742,3,0,0,-1,0,3,2,2,no,
743,3,0,0,0,0,3,3,3,no,
744,4,0,0,-1,0,4,3,3,no,
745,4,0,0,-1,0,4,3,3,no,
746,4,0,0,-1,0,4,3,3,no,
747,4,0,0,-1,0,4,3,3,no,
748,4,0,0,-1,0,4,3,3,no,
749,12,0,0,0,0,12,12,12,no,
750,12,0,0,0,0,12,12,12,no,
751,0,0,0,0,0,0,0,0,no,
752,30,2,1,0,2,33,33,35,no,
753,23,2,2,0,0,27,27,27,no,
754,32,4,1,-1,6,37,36,42,no,
755,19,2,0,0,1,21,21,22,no,
756,55,6,2,6,6,63,69,75,no,
757,3,0,0,0,0,3,3,3,no,
758,11,0,0,1,0,11,12,12,no,
759,40,1,1,2,1,42,44,45,no,
760,23,0,0,3,1,23,26,27,no,
761,13,0,0,0,0,13,13,13,no,
762,346,19,6,13,11,371,384,395,no,
763,33,1,0,0,1,34,34,35,no,
764,12,0,0,0,0,12,12,12,no,
765,9,0,0,0,0,9,9,9,no,
766,22,0,1,1,0,23,24,24,no,
767,26,0,0,2,0,26,28,28,no,
768,7,0,0,0,0,7,7,7,no,
769,104,5,4,2,5,113,115,120,no,
770,22,0,0,2,2,22,24,26,no,
771,0,0,0,0,0,0,0,0,no,
772,12,0,0,0,0,12,12,12,no,
773,2,0,0,0,0,2,2,2,no,
774,42,2,0,1,1,44,45,46,no,
775,67,1,0,1,3,68,69,72,no,
776,7,0,0,0,0,7,7,7,no,
777,6,0,0,0,1,6,6,7,no,
778,61,2,3,2,3,66,68,71,no,
779,30,0,1,1,1,31,32,33,no,
780,41,0,1,3,1,42,45,46,no,
781,6,1,0,1,0,7,8,8,no,
782,3,0,0,0,0,3,3,3,no,
783,19,0,0,0,1,19,19,20,no,
784,13,0,0,0,0,13,13,13,no,
785,69,2,3,2,5,74,76,81,no,
786,44,2,0,0,4,46,46,50,no,
787,79,3,1,4,2,83,87,89,no,
788,55,1,2,2,2,58,60,62,no,
789,47,0,1,0,1,48,48,49,no,
790,58,0,1,2,1,59,61,62,no,
791,112,4,1,4,3,117,121,124,no,
792,79,2,1,1,4,82,83,87,no,
793,9,0,0,0,0,9,9,9,no,
794,24,1,0,0,1,25,25,26,no,
795,22,0,0,0,0,22,22,22,no,
796,7,1,0,0,0,8,8,8,no,
797,39,0,0,0,0,39,39,39,no,
798,52,0,-1,2,0,51,53,53,no,
799,0,0,0,0,0,0,0,0,no,
800,164,6,5,13,15,175,188,203,no,
801,138,6,8,8,10,152,160,170,no,
802,51,0,0,0,0,51,51,51,no,
803,18,1,1,2,0,20,22,22,no,
804,10,0,0,0,0,10,10,10,no,
805,1,0,0,0,0,1,1,1,no,
806,15,0,0,0,0,15,15,15,no,
807,3,0,0,0,0,3,3,3,no,
808,43,2,1,1,3,46,47,50,no,
809,9,2,1,1,0,12,13,13,no,
810,9,0,0,0,0,9,9,9,no,
811,9,0,0,0,0,9,9,9,no,
812,29,0,0,0,0,29,29,29,no,
