id,playlist_id,date,followers,created_at
41938,815,2026-05-16,0,2026-05-16 12:25:56.165613
41939,816,2026-05-16,0,2026-05-16 12:25:56.165613
41940,814,2026-05-16,0,2026-05-16 12:25:56.165613
41941,652,2026-05-16,1,2026-05-16 12:25:56.165613
41942,649,2026-05-16,1,2026-05-16 12:25:56.165613
41943,654,2026-05-16,0,2026-05-16 12:25:56.165613
41944,651,2026-05-16,0,2026-05-16 12:25:56.165613
41945,631,2026-05-16,0,2026-05-16 12:25:56.165613
41946,630,2026-05-16,0,2026-05-16 12:25:56.165613
41947,629,2026-05-16,0,2026-05-16 12:25:56.165613
41948,628,2026-05-16,0,2026-05-16 12:25:56.165613
41949,627,2026-05-16,0,2026-05-16 12:25:56.165613
41950,626,2026-05-16,0,2026-05-16 12:25:56.165613
41951,625,2026-05-16,0,2026-05-16 12:25:56.165613
41952,624,2026-05-16,0,2026-05-16 12:25:56.165613
41953,623,2026-05-16,0,2026-05-16 12:25:56.165613
41954,622,2026-05-16,0,2026-05-16 12:25:56.165613
41955,621,2026-05-16,0,2026-05-16 12:25:56.165613
41956,620,2026-05-16,0,2026-05-16 12:25:56.165613
41957,619,2026-05-16,0,2026-05-16 12:25:56.165613
41958,618,2026-05-16,0,2026-05-16 12:25:56.165613
41959,617,2026-05-16,0,2026-05-16 12:25:56.165613
41960,616,2026-05-16,0,2026-05-16 12:25:56.165613
41961,615,2026-05-16,0,2026-05-16 12:25:56.165613
41962,614,2026-05-16,0,2026-05-16 12:25:56.165613
41963,613,2026-05-16,0,2026-05-16 12:25:56.165613
41964,612,2026-05-16,0,2026-05-16 12:25:56.165613
41965,611,2026-05-16,0,2026-05-16 12:25:56.165613
41966,610,2026-05-16,0,2026-05-16 12:25:56.165613
41967,608,2026-05-16,0,2026-05-16 12:25:56.165613
41968,609,2026-05-16,0,2026-05-16 12:25:56.165613
41969,607,2026-05-16,0,2026-05-16 12:25:56.165613
41970,606,2026-05-16,0,2026-05-16 12:25:56.165613
41971,605,2026-05-16,0,2026-05-16 12:25:56.165613
41972,604,2026-05-16,0,2026-05-16 12:25:56.165613
41973,603,2026-05-16,0,2026-05-16 12:25:56.165613
41974,602,2026-05-16,0,2026-05-16 12:25:56.165613
41975,601,2026-05-16,0,2026-05-16 12:25:56.165613
41976,600,2026-05-16,0,2026-05-16 12:25:56.165613
41977,599,2026-05-16,0,2026-05-16 12:25:56.165613
41978,598,2026-05-16,0,2026-05-16 12:25:56.165613
41979,597,2026-05-16,0,2026-05-16 12:25:56.165613
41980,596,2026-05-16,0,2026-05-16 12:25:56.165613
41981,595,2026-05-16,0,2026-05-16 12:25:56.165613
41982,594,2026-05-16,0,2026-05-16 12:25:56.165613
41983,487,2026-05-16,4,2026-05-16 12:25:56.165613
41984,488,2026-05-16,4,2026-05-16 12:25:56.165613
41985,490,2026-05-16,4,2026-05-16 12:25:56.165613
41986,491,2026-05-16,4,2026-05-16 12:25:56.165613
41987,493,2026-05-16,3,2026-05-16 12:25:56.165613
41988,495,2026-05-16,3,2026-05-16 12:25:56.165613
41989,496,2026-05-16,4,2026-05-16 12:25:56.165613
41990,1,2026-05-16,16,2026-05-16 12:25:56.165613
41991,2,2026-05-16,22,2026-05-16 12:25:56.165613
41992,3,2026-05-16,21,2026-05-16 12:25:56.165613
41993,4,2026-05-16,34,2026-05-16 12:25:56.165613
41994,5,2026-05-16,12,2026-05-16 12:25:56.165613
41995,6,2026-05-16,0,2026-05-16 12:25:56.165613
41996,7,2026-05-16,24,2026-05-16 12:25:56.165613
41997,8,2026-05-16,46,2026-05-16 12:25:56.165613
41998,9,2026-05-16,16,2026-05-16 12:25:56.165613
41999,10,2026-05-16,56,2026-05-16 12:25:56.165613
42000,11,2026-05-16,149,2026-05-16 12:25:56.165613
42001,12,2026-05-16,58,2026-05-16 12:25:56.165613
42002,13,2026-05-16,2,2026-05-16 12:25:56.165613
42003,14,2026-05-16,48,2026-05-16 12:25:56.165613
42004,15,2026-05-16,21,2026-05-16 12:25:56.165613
42005,16,2026-05-16,31,2026-05-16 12:25:56.165613
42006,17,2026-05-16,0,2026-05-16 12:25:56.165613
42007,18,2026-05-16,60,2026-05-16 12:25:56.165613
42008,19,2026-05-16,3,2026-05-16 12:25:56.165613
42009,20,2026-05-16,36,2026-05-16 12:25:56.165613
42010,21,2026-05-16,28,2026-05-16 12:25:56.165613
42011,22,2026-05-16,12,2026-05-16 12:25:56.165613
42012,23,2026-05-16,31,2026-05-16 12:25:56.165613
42013,24,2026-05-16,24,2026-05-16 12:25:56.165613
42014,25,2026-05-16,18,2026-05-16 12:25:56.165613
42015,26,2026-05-16,47,2026-05-16 12:25:56.165613
42016,27,2026-05-16,11,2026-05-16 12:25:56.165613
42017,28,2026-05-16,8,2026-05-16 12:25:56.165613
42018,29,2026-05-16,30,2026-05-16 12:25:56.165613
42019,30,2026-05-16,23,2026-05-16 12:25:56.165613
42020,31,2026-05-16,40,2026-05-16 12:25:56.165613
42021,32,2026-05-16,21,2026-05-16 12:25:56.165613
42022,33,2026-05-16,20,2026-05-16 12:25:56.165613
42023,34,2026-05-16,23,2026-05-16 12:25:56.165613
42024,35,2026-05-16,59,2026-05-16 12:25:56.165613
42025,36,2026-05-16,15,2026-05-16 12:25:56.165613
42026,37,2026-05-16,6,2026-05-16 12:25:56.165613
42027,500,2026-05-16,0,2026-05-16 12:25:56.165613
42028,471,2026-05-16,0,2026-05-16 12:25:56.165613
42029,472,2026-05-16,0,2026-05-16 12:25:56.165613
42030,473,2026-05-16,0,2026-05-16 12:25:56.165613
42031,155,2026-05-16,0,2026-05-16 12:25:56.165613
42032,38,2026-05-16,0,2026-05-16 12:25:56.165613
42033,39,2026-05-16,0,2026-05-16 12:25:56.165613
42034,40,2026-05-16,0,2026-05-16 12:25:56.165613
42035,41,2026-05-16,0,2026-05-16 12:25:56.165613
42036,42,2026-05-16,0,2026-05-16 12:25:56.165613
42037,43,2026-05-16,92,2026-05-16 12:25:56.165613
42038,44,2026-05-16,122,2026-05-16 12:25:56.165613
42039,45,2026-05-16,42,2026-05-16 12:25:56.165613
42040,46,2026-05-16,63,2026-05-16 12:25:56.165613
42041,47,2026-05-16,107,2026-05-16 12:25:56.165613
42042,48,2026-05-16,40,2026-05-16 12:25:56.165613
42043,49,2026-05-16,258,2026-05-16 12:25:56.165613
42044,50,2026-05-16,105,2026-05-16 12:25:56.165613
42045,156,2026-05-16,74,2026-05-16 12:25:56.165613
42046,157,2026-05-16,206,2026-05-16 12:25:56.165613
42047,158,2026-05-16,157,2026-05-16 12:25:56.165613
42048,159,2026-05-16,510,2026-05-16 12:25:56.165613
42049,497,2026-05-16,96,2026-05-16 12:25:56.165613
42050,161,2026-05-16,101,2026-05-16 12:25:56.165613
42051,162,2026-05-16,2142,2026-05-16 12:25:56.165613
42052,163,2026-05-16,251,2026-05-16 12:25:56.165613
42053,164,2026-05-16,165,2026-05-16 12:25:56.165613
42054,165,2026-05-16,82,2026-05-16 12:25:56.165613
42055,166,2026-05-16,193,2026-05-16 12:25:56.165613
42056,167,2026-05-16,177,2026-05-16 12:25:56.165613
42057,168,2026-05-16,106,2026-05-16 12:25:56.165613
42058,169,2026-05-16,91,2026-05-16 12:25:56.165613
42059,170,2026-05-16,145,2026-05-16 12:25:56.165613
42060,171,2026-05-16,33,2026-05-16 12:25:56.165613
42061,172,2026-05-16,117,2026-05-16 12:25:56.165613
42062,173,2026-05-16,143,2026-05-16 12:25:56.165613
42063,174,2026-05-16,61,2026-05-16 12:25:56.165613
42064,175,2026-05-16,82,2026-05-16 12:25:56.165613
42065,176,2026-05-16,49,2026-05-16 12:25:56.165613
42066,498,2026-05-16,182,2026-05-16 12:25:56.165613
42067,178,2026-05-16,314,2026-05-16 12:25:56.165613
42068,179,2026-05-16,335,2026-05-16 12:25:56.165613
42069,180,2026-05-16,123,2026-05-16 12:25:56.165613
42070,181,2026-05-16,377,2026-05-16 12:25:56.165613
42071,182,2026-05-16,128,2026-05-16 12:25:56.165613
42072,183,2026-05-16,411,2026-05-16 12:25:56.165613
42073,184,2026-05-16,178,2026-05-16 12:25:56.165613
42074,185,2026-05-16,662,2026-05-16 12:25:56.165613
42075,186,2026-05-16,209,2026-05-16 12:25:56.165613
42076,187,2026-05-16,179,2026-05-16 12:25:56.165613
42077,188,2026-05-16,233,2026-05-16 12:25:56.165613
42078,189,2026-05-16,81,2026-05-16 12:25:56.165613
42079,190,2026-05-16,229,2026-05-16 12:25:56.165613
42080,191,2026-05-16,89,2026-05-16 12:25:56.165613
42081,192,2026-05-16,145,2026-05-16 12:25:56.165613
42082,193,2026-05-16,186,2026-05-16 12:25:56.165613
42083,194,2026-05-16,81,2026-05-16 12:25:56.165613
42084,195,2026-05-16,66,2026-05-16 12:25:56.165613
42085,196,2026-05-16,188,2026-05-16 12:25:56.165613
42086,197,2026-05-16,31,2026-05-16 12:25:56.165613
42087,198,2026-05-16,194,2026-05-16 12:25:56.165613
42088,199,2026-05-16,312,2026-05-16 12:25:56.165613
42089,200,2026-05-16,171,2026-05-16 12:25:56.165613
42090,201,2026-05-16,97,2026-05-16 12:25:56.165613
42091,202,2026-05-16,56,2026-05-16 12:25:56.165613
42092,151,2026-05-16,4,2026-05-16 12:29:05.104881
42093,154,2026-05-16,4,2026-05-16 12:29:05.104881
42094,477,2026-05-16,4,2026-05-16 12:29:05.104881
42095,481,2026-05-16,4,2026-05-16 12:29:05.104881
42096,482,2026-05-16,4,2026-05-16 12:29:05.104881
42097,51,2026-05-16,10,2026-05-16 12:29:05.104881
42098,52,2026-05-16,1,2026-05-16 12:29:05.104881
42099,53,2026-05-16,3,2026-05-16 12:29:05.104881
42100,54,2026-05-16,9,2026-05-16 12:29:05.104881
42101,55,2026-05-16,9,2026-05-16 12:29:05.104881
42102,56,2026-05-16,3,2026-05-16 12:29:05.104881
42103,57,2026-05-16,4,2026-05-16 12:29:05.104881
42104,58,2026-05-16,5,2026-05-16 12:29:05.104881
42105,59,2026-05-16,9,2026-05-16 12:29:05.104881
42106,60,2026-05-16,4,2026-05-16 12:29:05.104881
42107,61,2026-05-16,95,2026-05-16 12:29:05.104881
42108,62,2026-05-16,74,2026-05-16 12:29:05.104881
42109,63,2026-05-16,1,2026-05-16 12:29:05.104881
42110,64,2026-05-16,29,2026-05-16 12:29:05.104881
42111,65,2026-05-16,23,2026-05-16 12:29:05.104881
42112,66,2026-05-16,39,2026-05-16 12:29:05.104881
42113,67,2026-05-16,31,2026-05-16 12:29:05.104881
42114,68,2026-05-16,8,2026-05-16 12:29:05.104881
42115,69,2026-05-16,13,2026-05-16 12:29:05.104881
42116,70,2026-05-16,13,2026-05-16 12:29:05.104881
42117,71,2026-05-16,3,2026-05-16 12:29:05.104881
42118,72,2026-05-16,25,2026-05-16 12:29:05.104881
42119,73,2026-05-16,15,2026-05-16 12:29:05.104881
42120,74,2026-05-16,73,2026-05-16 12:29:05.104881
42121,75,2026-05-16,11,2026-05-16 12:29:05.104881
42122,76,2026-05-16,17,2026-05-16 12:29:05.104881
42123,77,2026-05-16,23,2026-05-16 12:29:05.104881
42124,78,2026-05-16,11,2026-05-16 12:29:05.104881
42125,79,2026-05-16,17,2026-05-16 12:29:05.104881
42126,80,2026-05-16,21,2026-05-16 12:29:05.104881
42127,81,2026-05-16,20,2026-05-16 12:29:05.104881
42128,82,2026-05-16,19,2026-05-16 12:29:05.104881
42129,83,2026-05-16,40,2026-05-16 12:29:05.104881
42130,84,2026-05-16,81,2026-05-16 12:29:05.104881
42131,85,2026-05-16,40,2026-05-16 12:29:05.104881
42132,86,2026-05-16,37,2026-05-16 12:29:05.104881
42133,87,2026-05-16,90,2026-05-16 12:29:05.104881
42134,88,2026-05-16,203,2026-05-16 12:29:05.104881
42135,89,2026-05-16,34,2026-05-16 12:29:05.104881
42136,90,2026-05-16,72,2026-05-16 12:29:05.104881
42137,91,2026-05-16,46,2026-05-16 12:29:05.104881
42138,92,2026-05-16,57,2026-05-16 12:29:05.104881
42139,93,2026-05-16,57,2026-05-16 12:29:05.104881
42140,94,2026-05-16,76,2026-05-16 12:29:05.104881
42141,95,2026-05-16,23,2026-05-16 12:29:05.104881
42142,96,2026-05-16,2,2026-05-16 12:29:05.104881
42143,97,2026-05-16,81,2026-05-16 12:29:05.104881
42144,98,2026-05-16,20,2026-05-16 12:29:05.104881
42145,99,2026-05-16,60,2026-05-16 12:29:05.104881
42146,100,2026-05-16,485,2026-05-16 12:29:05.104881
42147,378,2026-05-16,68,2026-05-16 12:29:05.104881
42148,379,2026-05-16,102,2026-05-16 12:29:05.104881
42149,380,2026-05-16,41,2026-05-16 12:29:05.104881
42150,381,2026-05-16,370,2026-05-16 12:29:05.104881
42151,382,2026-05-16,78,2026-05-16 12:29:05.104881
42152,383,2026-05-16,36,2026-05-16 12:29:05.104881
42153,384,2026-05-16,46,2026-05-16 12:29:05.104881
42154,385,2026-05-16,318,2026-05-16 12:29:05.104881
42155,386,2026-05-16,73,2026-05-16 12:29:05.104881
42156,387,2026-05-16,70,2026-05-16 12:29:05.104881
42157,388,2026-05-16,87,2026-05-16 12:29:05.104881
42158,389,2026-05-16,149,2026-05-16 12:29:05.104881
42159,390,2026-05-16,107,2026-05-16 12:29:05.104881
42160,391,2026-05-16,98,2026-05-16 12:29:05.104881
42161,392,2026-05-16,94,2026-05-16 12:29:05.104881
42162,393,2026-05-16,203,2026-05-16 12:29:05.104881
42163,394,2026-05-16,61,2026-05-16 12:29:05.104881
42164,395,2026-05-16,227,2026-05-16 12:29:05.104881
42165,396,2026-05-16,203,2026-05-16 12:29:05.104881
42166,397,2026-05-16,105,2026-05-16 12:29:05.104881
42167,398,2026-05-16,7,2026-05-16 12:29:05.104881
42168,399,2026-05-16,61,2026-05-16 12:29:05.104881
42169,400,2026-05-16,316,2026-05-16 12:29:05.104881
42170,401,2026-05-16,18,2026-05-16 12:29:05.104881
42171,402,2026-05-16,44,2026-05-16 12:29:05.104881
42172,443,2026-05-16,25,2026-05-16 12:29:05.104881
42173,444,2026-05-16,30,2026-05-16 12:29:05.104881
42174,177,2026-05-16,182,2026-05-16 12:29:05.104881
42175,445,2026-05-16,1,2026-05-16 12:29:05.104881
42176,446,2026-05-16,0,2026-05-16 12:29:05.104881
42177,447,2026-05-16,36,2026-05-16 12:29:05.104881
42178,448,2026-05-16,53,2026-05-16 12:29:05.104881
42179,449,2026-05-16,38,2026-05-16 12:29:05.104881
42180,450,2026-05-16,123,2026-05-16 12:29:05.104881
42181,451,2026-05-16,100,2026-05-16 12:29:05.104881
42182,452,2026-05-16,120,2026-05-16 12:29:05.104881
42183,453,2026-05-16,255,2026-05-16 12:29:05.104881
42184,454,2026-05-16,201,2026-05-16 12:29:05.104881
42185,455,2026-05-16,83,2026-05-16 12:29:05.104881
42186,456,2026-05-16,103,2026-05-16 12:29:05.104881
42187,457,2026-05-16,91,2026-05-16 12:29:05.104881
42188,458,2026-05-16,16,2026-05-16 12:29:05.104881
42189,459,2026-05-16,13,2026-05-16 12:29:05.104881
42190,499,2026-05-16,0,2026-05-16 12:31:09.831082
42191,485,2026-05-16,4,2026-05-16 12:31:09.831082
42192,486,2026-05-16,4,2026-05-16 12:31:09.831082
42193,489,2026-05-16,4,2026-05-16 12:31:09.831082
42194,153,2026-05-16,3,2026-05-16 12:31:09.831082
42195,152,2026-05-16,3,2026-05-16 12:31:09.831082
42196,492,2026-05-16,4,2026-05-16 12:31:09.831082
42197,494,2026-05-16,4,2026-05-16 12:31:09.831082
42198,101,2026-05-16,131,2026-05-16 12:31:09.831082
42199,102,2026-05-16,57,2026-05-16 12:31:09.831082
42200,103,2026-05-16,26,2026-05-16 12:31:09.831082
42201,104,2026-05-16,38,2026-05-16 12:31:09.831082
42202,105,2026-05-16,53,2026-05-16 12:31:09.831082
42203,106,2026-05-16,14,2026-05-16 12:31:09.831082
42204,107,2026-05-16,26,2026-05-16 12:31:09.831082
42205,108,2026-05-16,324,2026-05-16 12:31:09.831082
42206,109,2026-05-16,264,2026-05-16 12:31:09.831082
42207,110,2026-05-16,98,2026-05-16 12:31:09.831082
42208,111,2026-05-16,292,2026-05-16 12:31:09.831082
42209,112,2026-05-16,188,2026-05-16 12:31:09.831082
42210,113,2026-05-16,67,2026-05-16 12:31:09.831082
42211,114,2026-05-16,158,2026-05-16 12:31:09.831082
42212,115,2026-05-16,85,2026-05-16 12:31:09.831082
42213,116,2026-05-16,114,2026-05-16 12:31:09.831082
42214,117,2026-05-16,43,2026-05-16 12:31:09.831082
42215,118,2026-05-16,266,2026-05-16 12:31:09.831082
42216,119,2026-05-16,376,2026-05-16 12:31:09.831082
42217,120,2026-05-16,475,2026-05-16 12:31:09.831082
42218,121,2026-05-16,832,2026-05-16 12:31:09.831082
42219,122,2026-05-16,188,2026-05-16 12:31:09.831082
42220,123,2026-05-16,66,2026-05-16 12:31:09.831082
42221,124,2026-05-16,181,2026-05-16 12:31:09.831082
42222,125,2026-05-16,125,2026-05-16 12:31:09.831082
42223,126,2026-05-16,480,2026-05-16 12:31:09.831082
42224,127,2026-05-16,270,2026-05-16 12:31:09.831082
42225,128,2026-05-16,74,2026-05-16 12:31:09.831082
42226,129,2026-05-16,55,2026-05-16 12:31:09.831082
42227,130,2026-05-16,109,2026-05-16 12:31:09.831082
42228,131,2026-05-16,35,2026-05-16 12:31:09.831082
42229,132,2026-05-16,125,2026-05-16 12:31:09.831082
42230,133,2026-05-16,301,2026-05-16 12:31:09.831082
42231,134,2026-05-16,53,2026-05-16 12:31:09.831082
42232,135,2026-05-16,84,2026-05-16 12:31:09.831082
42233,136,2026-05-16,129,2026-05-16 12:31:09.831082
42234,137,2026-05-16,120,2026-05-16 12:31:09.831082
42235,138,2026-05-16,68,2026-05-16 12:31:09.831082
42236,139,2026-05-16,117,2026-05-16 12:31:09.831082
42237,140,2026-05-16,85,2026-05-16 12:31:09.831082
42238,141,2026-05-16,121,2026-05-16 12:31:09.831082
42239,142,2026-05-16,108,2026-05-16 12:31:09.831082
42240,143,2026-05-16,280,2026-05-16 12:31:09.831082
42241,144,2026-05-16,93,2026-05-16 12:31:09.831082
42242,145,2026-05-16,270,2026-05-16 12:31:09.831082
42243,146,2026-05-16,61,2026-05-16 12:31:09.831082
42244,147,2026-05-16,270,2026-05-16 12:31:09.831082
42245,148,2026-05-16,48,2026-05-16 12:31:09.831082
42246,149,2026-05-16,113,2026-05-16 12:31:09.831082
42247,150,2026-05-16,71,2026-05-16 12:31:09.831082
42248,410,2026-05-16,25,2026-05-16 12:31:09.831082
42249,411,2026-05-16,38,2026-05-16 12:31:09.831082
42250,412,2026-05-16,156,2026-05-16 12:31:09.831082
42251,413,2026-05-16,70,2026-05-16 12:31:09.831082
42252,414,2026-05-16,46,2026-05-16 12:31:09.831082
42253,415,2026-05-16,205,2026-05-16 12:31:09.831082
42254,416,2026-05-16,87,2026-05-16 12:31:09.831082
42255,417,2026-05-16,151,2026-05-16 12:31:09.831082
42256,418,2026-05-16,174,2026-05-16 12:31:09.831082
42257,419,2026-05-16,48,2026-05-16 12:31:09.831082
42258,420,2026-05-16,335,2026-05-16 12:31:09.831082
42259,421,2026-05-16,31,2026-05-16 12:31:09.831082
42260,422,2026-05-16,468,2026-05-16 12:31:09.831082
42261,423,2026-05-16,54,2026-05-16 12:31:09.831082
42262,424,2026-05-16,310,2026-05-16 12:31:09.831082
42263,425,2026-05-16,202,2026-05-16 12:31:09.831082
42264,426,2026-05-16,184,2026-05-16 12:31:09.831082
42265,427,2026-05-16,56,2026-05-16 12:31:09.831082
42266,428,2026-05-16,627,2026-05-16 12:31:09.831082
42267,429,2026-05-16,242,2026-05-16 12:31:09.831082
42268,430,2026-05-16,117,2026-05-16 12:31:09.831082
42269,431,2026-05-16,115,2026-05-16 12:31:09.831082
42270,432,2026-05-16,125,2026-05-16 12:31:09.831082
42271,433,2026-05-16,74,2026-05-16 12:31:09.831082
42272,434,2026-05-16,164,2026-05-16 12:31:09.831082
42273,435,2026-05-16,135,2026-05-16 12:31:09.831082
42274,436,2026-05-16,318,2026-05-16 12:31:09.831082
42275,160,2026-05-16,96,2026-05-16 12:31:09.831082
42276,437,2026-05-16,103,2026-05-16 12:31:09.831082
42277,438,2026-05-16,278,2026-05-16 12:31:09.831082
42278,439,2026-05-16,166,2026-05-16 12:31:09.831082
42279,440,2026-05-16,60,2026-05-16 12:31:09.831082
42280,441,2026-05-16,156,2026-05-16 12:31:09.831082
42281,442,2026-05-16,90,2026-05-16 12:31:09.831082
42282,656,2026-05-16,15,2026-05-16 12:33:04.737951
42283,657,2026-05-16,25,2026-05-16 12:33:04.737951
42284,658,2026-05-16,15,2026-05-16 12:33:04.737951
42285,659,2026-05-16,36,2026-05-16 12:33:04.737951
42286,660,2026-05-16,26,2026-05-16 12:33:04.737951
42287,661,2026-05-16,7,2026-05-16 12:33:04.737951
42288,662,2026-05-16,6,2026-05-16 12:33:04.737951
42289,663,2026-05-16,13,2026-05-16 12:33:04.737951
42290,664,2026-05-16,4,2026-05-16 12:33:04.737951
42291,665,2026-05-16,25,2026-05-16 12:33:04.737951
42292,666,2026-05-16,3,2026-05-16 12:33:04.737951
42293,667,2026-05-16,48,2026-05-16 12:33:04.737951
42294,668,2026-05-16,44,2026-05-16 12:33:04.737951
42295,669,2026-05-16,118,2026-05-16 12:33:04.737951
42296,670,2026-05-16,65,2026-05-16 12:33:04.737951
42297,671,2026-05-16,25,2026-05-16 12:33:04.737951
42298,672,2026-05-16,4,2026-05-16 12:33:04.737951
42299,673,2026-05-16,25,2026-05-16 12:33:04.737951
42300,674,2026-05-16,24,2026-05-16 12:33:04.737951
42301,675,2026-05-16,44,2026-05-16 12:33:04.737951
42302,676,2026-05-16,32,2026-05-16 12:33:04.737951
42303,677,2026-05-16,15,2026-05-16 12:33:04.737951
42304,678,2026-05-16,67,2026-05-16 12:33:04.737951
42305,679,2026-05-16,42,2026-05-16 12:33:04.737951
42306,680,2026-05-16,7,2026-05-16 12:33:04.737951
42307,681,2026-05-16,14,2026-05-16 12:33:04.737951
42308,682,2026-05-16,4,2026-05-16 12:33:04.737951
42309,683,2026-05-16,6,2026-05-16 12:33:04.737951
42310,684,2026-05-16,38,2026-05-16 12:33:04.737951
42311,685,2026-05-16,130,2026-05-16 12:33:04.737951
42312,686,2026-05-16,6,2026-05-16 12:33:04.737951
42313,687,2026-05-16,12,2026-05-16 12:33:04.737951
42314,688,2026-05-16,50,2026-05-16 12:33:04.737951
42315,689,2026-05-16,15,2026-05-16 12:33:04.737951
42316,690,2026-05-16,25,2026-05-16 12:33:04.737951
42317,691,2026-05-16,24,2026-05-16 12:33:04.737951
42318,692,2026-05-16,89,2026-05-16 12:33:04.737951
42319,693,2026-05-16,29,2026-05-16 12:33:04.737951
42320,694,2026-05-16,36,2026-05-16 12:33:04.737951
42321,695,2026-05-16,8,2026-05-16 12:33:04.737951
42322,696,2026-05-16,9,2026-05-16 12:33:04.737951
42323,697,2026-05-16,39,2026-05-16 12:33:04.737951
42324,698,2026-05-16,89,2026-05-16 12:33:04.737951
42325,699,2026-05-16,15,2026-05-16 12:33:04.737951
42326,700,2026-05-16,78,2026-05-16 12:33:04.737951
42327,701,2026-05-16,20,2026-05-16 12:33:04.737951
42328,702,2026-05-16,16,2026-05-16 12:33:04.737951
42329,703,2026-05-16,25,2026-05-16 12:33:04.737951
42330,704,2026-05-16,7,2026-05-16 12:33:04.737951
42331,705,2026-05-16,38,2026-05-16 12:33:04.737951
42332,706,2026-05-16,56,2026-05-16 12:33:04.737951
42333,707,2026-05-16,28,2026-05-16 12:33:04.737951
42334,708,2026-05-16,6,2026-05-16 12:33:04.737951
42335,709,2026-05-16,19,2026-05-16 12:33:04.737951
42336,710,2026-05-16,18,2026-05-16 12:33:04.737951
42337,711,2026-05-16,52,2026-05-16 12:33:04.737951
42338,712,2026-05-16,68,2026-05-16 12:33:04.737951
42339,713,2026-05-16,11,2026-05-16 12:33:04.737951
42340,714,2026-05-16,89,2026-05-16 12:33:04.737951
42341,715,2026-05-16,15,2026-05-16 12:33:04.737951
42342,716,2026-05-16,5,2026-05-16 12:33:04.737951
42343,717,2026-05-16,51,2026-05-16 12:33:04.737951
42344,718,2026-05-16,117,2026-05-16 12:33:04.737951
42345,719,2026-05-16,54,2026-05-16 12:33:04.737951
42346,720,2026-05-16,33,2026-05-16 12:33:04.737951
42347,721,2026-05-16,47,2026-05-16 12:33:04.737951
42348,722,2026-05-16,78,2026-05-16 12:33:04.737951
42349,723,2026-05-16,86,2026-05-16 12:33:04.737951
42350,724,2026-05-16,6,2026-05-16 12:33:04.737951
42351,725,2026-05-16,211,2026-05-16 12:33:04.737951
42352,726,2026-05-16,21,2026-05-16 12:33:04.737951
42353,727,2026-05-16,3,2026-05-16 12:33:04.737951
42354,728,2026-05-16,15,2026-05-16 12:33:04.737951
42355,729,2026-05-16,11,2026-05-16 12:33:04.737951
42356,730,2026-05-16,63,2026-05-16 12:33:04.737951
42357,731,2026-05-16,104,2026-05-16 12:33:04.737951
42358,732,2026-05-16,67,2026-05-16 12:33:04.737951
42359,817,2026-05-16,48,2026-05-16 12:34:43.880009
42360,813,2026-05-16,0,2026-05-16 12:34:43.880009
42361,733,2026-05-16,39,2026-05-16 12:34:43.880009
42362,734,2026-05-16,66,2026-05-16 12:34:43.880009
42363,735,2026-05-16,39,2026-05-16 12:34:43.880009
42364,736,2026-05-16,37,2026-05-16 12:34:43.880009
42365,737,2026-05-16,36,2026-05-16 12:34:43.880009
42366,738,2026-05-16,25,2026-05-16 12:34:43.880009
42367,739,2026-05-16,23,2026-05-16 12:34:43.880009
42368,740,2026-05-16,54,2026-05-16 12:34:43.880009
42369,741,2026-05-16,17,2026-05-16 12:34:43.880009
42370,742,2026-05-16,3,2026-05-16 12:34:43.880009
42371,743,2026-05-16,3,2026-05-16 12:34:43.880009
42372,744,2026-05-16,4,2026-05-16 12:34:43.880009
42373,745,2026-05-16,4,2026-05-16 12:34:43.880009
42374,746,2026-05-16,4,2026-05-16 12:34:43.880009
42375,747,2026-05-16,4,2026-05-16 12:34:43.880009
42376,748,2026-05-16,4,2026-05-16 12:34:43.880009
42377,749,2026-05-16,12,2026-05-16 12:34:43.880009
42378,750,2026-05-16,12,2026-05-16 12:34:43.880009
42379,751,2026-05-16,0,2026-05-16 12:34:43.880009
42380,752,2026-05-16,30,2026-05-16 12:34:43.880009
42381,753,2026-05-16,23,2026-05-16 12:34:43.880009
42382,754,2026-05-16,31,2026-05-16 12:34:43.880009
42383,755,2026-05-16,19,2026-05-16 12:34:43.880009
42384,756,2026-05-16,55,2026-05-16 12:34:43.880009
42385,757,2026-05-16,3,2026-05-16 12:34:43.880009
42386,758,2026-05-16,11,2026-05-16 12:34:43.880009
42387,759,2026-05-16,40,2026-05-16 12:34:43.880009
42388,760,2026-05-16,23,2026-05-16 12:34:43.880009
42389,761,2026-05-16,13,2026-05-16 12:34:43.880009
42390,762,2026-05-16,345,2026-05-16 12:34:43.880009
42391,763,2026-05-16,33,2026-05-16 12:34:43.880009
42392,764,2026-05-16,12,2026-05-16 12:34:43.880009
42393,765,2026-05-16,9,2026-05-16 12:34:43.880009
42394,766,2026-05-16,22,2026-05-16 12:34:43.880009
42395,767,2026-05-16,26,2026-05-16 12:34:43.880009
42396,768,2026-05-16,7,2026-05-16 12:34:43.880009
42397,769,2026-05-16,104,2026-05-16 12:34:43.880009
42398,770,2026-05-16,22,2026-05-16 12:34:43.880009
42399,771,2026-05-16,0,2026-05-16 12:34:43.880009
42400,772,2026-05-16,12,2026-05-16 12:34:43.880009
42401,773,2026-05-16,2,2026-05-16 12:34:43.880009
42402,774,2026-05-16,42,2026-05-16 12:34:43.880009
42403,775,2026-05-16,67,2026-05-16 12:34:43.880009
42404,776,2026-05-16,7,2026-05-16 12:34:43.880009
42405,777,2026-05-16,6,2026-05-16 12:34:43.880009
42406,778,2026-05-16,61,2026-05-16 12:34:43.880009
42407,779,2026-05-16,30,2026-05-16 12:34:43.880009
42408,780,2026-05-16,41,2026-05-16 12:34:43.880009
42409,781,2026-05-16,6,2026-05-16 12:34:43.880009
42410,782,2026-05-16,3,2026-05-16 12:34:43.880009
42411,783,2026-05-16,19,2026-05-16 12:34:43.880009
42412,784,2026-05-16,13,2026-05-16 12:34:43.880009
42413,785,2026-05-16,69,2026-05-16 12:34:43.880009
42414,786,2026-05-16,44,2026-05-16 12:34:43.880009
42415,787,2026-05-16,79,2026-05-16 12:34:43.880009
42416,788,2026-05-16,55,2026-05-16 12:34:43.880009
42417,789,2026-05-16,47,2026-05-16 12:34:43.880009
42418,790,2026-05-16,58,2026-05-16 12:34:43.880009
42419,791,2026-05-16,111,2026-05-16 12:34:43.880009
42420,792,2026-05-16,79,2026-05-16 12:34:43.880009
42421,793,2026-05-16,9,2026-05-16 12:34:43.880009
42422,794,2026-05-16,24,2026-05-16 12:34:43.880009
42423,795,2026-05-16,22,2026-05-16 12:34:43.880009
42424,796,2026-05-16,7,2026-05-16 12:34:43.880009
42425,797,2026-05-16,39,2026-05-16 12:34:43.880009
42426,798,2026-05-16,51,2026-05-16 12:34:43.880009
42427,799,2026-05-16,0,2026-05-16 12:34:43.880009
42428,800,2026-05-16,164,2026-05-16 12:34:43.880009
42429,801,2026-05-16,138,2026-05-16 12:34:43.880009
42430,802,2026-05-16,51,2026-05-16 12:34:43.880009
42431,803,2026-05-16,18,2026-05-16 12:34:43.880009
42432,804,2026-05-16,10,2026-05-16 12:34:43.880009
42433,805,2026-05-16,1,2026-05-16 12:34:43.880009
42434,806,2026-05-16,15,2026-05-16 12:34:43.880009
42435,807,2026-05-16,3,2026-05-16 12:34:43.880009
42436,808,2026-05-16,43,2026-05-16 12:34:43.880009
42437,809,2026-05-16,9,2026-05-16 12:34:43.880009
42438,810,2026-05-16,9,2026-05-16 12:34:43.880009
42439,811,2026-05-16,9,2026-05-16 12:34:43.880009
42440,812,2026-05-16,29,2026-05-16 12:34:43.880009
42441,499,2026-05-16,0,2026-05-16 14:44:02.163767
42442,817,2026-05-16,52,2026-05-16 14:44:03.062347
42443,151,2026-05-16,4,2026-05-16 14:44:04.071002
42444,656,2026-05-16,15,2026-05-16 14:44:02.56415
42445,485,2026-05-16,4,2026-05-16 14:44:02.163767
42446,815,2026-05-16,0,2026-05-16 14:44:04.264596
42447,813,2026-05-16,0,2026-05-16 14:44:03.062347
42448,486,2026-05-16,4,2026-05-16 14:44:02.163767
42449,657,2026-05-16,25,2026-05-16 14:44:02.56415
42450,154,2026-05-16,4,2026-05-16 14:44:04.071002
42451,489,2026-05-16,4,2026-05-16 14:44:02.163767
42452,816,2026-05-16,0,2026-05-16 14:44:04.264596
42453,733,2026-05-16,40,2026-05-16 14:44:03.062347
42454,477,2026-05-16,4,2026-05-16 14:44:04.071002
42455,658,2026-05-16,15,2026-05-16 14:44:02.56415
42456,153,2026-05-16,3,2026-05-16 14:44:02.163767
42457,481,2026-05-16,4,2026-05-16 14:44:04.071002
42458,814,2026-05-16,0,2026-05-16 14:44:04.264596
42459,734,2026-05-16,68,2026-05-16 14:44:03.062347
42460,482,2026-05-16,4,2026-05-16 14:44:04.071002
42461,659,2026-05-16,37,2026-05-16 14:44:02.56415
42462,152,2026-05-16,3,2026-05-16 14:44:02.163767
42463,652,2026-05-16,1,2026-05-16 14:44:04.264596
42464,735,2026-05-16,40,2026-05-16 14:44:03.062347
42465,51,2026-05-16,10,2026-05-16 14:44:04.071002
42466,492,2026-05-16,4,2026-05-16 14:44:02.163767
42467,649,2026-05-16,1,2026-05-16 14:44:04.264596
42468,660,2026-05-16,27,2026-05-16 14:44:02.56415
42469,736,2026-05-16,37,2026-05-16 14:44:03.062347
42470,654,2026-05-16,0,2026-05-16 14:44:04.264596
42471,52,2026-05-16,1,2026-05-16 14:44:04.071002
42472,494,2026-05-16,4,2026-05-16 14:44:02.163767
42473,661,2026-05-16,7,2026-05-16 14:44:02.56415
42474,737,2026-05-16,38,2026-05-16 14:44:03.062347
42475,651,2026-05-16,0,2026-05-16 14:44:04.264596
42476,101,2026-05-16,133,2026-05-16 14:44:02.163767
42477,53,2026-05-16,3,2026-05-16 14:44:04.071002
42478,662,2026-05-16,6,2026-05-16 14:44:02.56415
42479,738,2026-05-16,26,2026-05-16 14:44:03.062347
42480,631,2026-05-16,0,2026-05-16 14:44:04.264596
42481,102,2026-05-16,57,2026-05-16 14:44:02.163767
42482,54,2026-05-16,9,2026-05-16 14:44:04.071002
42483,663,2026-05-16,13,2026-05-16 14:44:02.56415
42484,630,2026-05-16,0,2026-05-16 14:44:04.264596
42485,739,2026-05-16,24,2026-05-16 14:44:03.062347
42486,103,2026-05-16,26,2026-05-16 14:44:02.163767
42487,55,2026-05-16,9,2026-05-16 14:44:04.071002
42488,629,2026-05-16,0,2026-05-16 14:44:04.264596
42489,664,2026-05-16,4,2026-05-16 14:44:02.56415
42490,740,2026-05-16,55,2026-05-16 14:44:03.062347
42491,104,2026-05-16,38,2026-05-16 14:44:02.163767
42492,628,2026-05-16,0,2026-05-16 14:44:04.264596
42493,56,2026-05-16,3,2026-05-16 14:44:04.071002
42494,665,2026-05-16,25,2026-05-16 14:44:02.56415
42495,741,2026-05-16,17,2026-05-16 14:44:03.062347
42496,627,2026-05-16,0,2026-05-16 14:44:04.264596
42497,105,2026-05-16,53,2026-05-16 14:44:02.163767
42498,57,2026-05-16,4,2026-05-16 14:44:04.071002
42499,666,2026-05-16,3,2026-05-16 14:44:02.56415
42500,626,2026-05-16,0,2026-05-16 14:44:04.264596
42501,742,2026-05-16,3,2026-05-16 14:44:03.062347
42502,106,2026-05-16,14,2026-05-16 14:44:02.163767
42503,58,2026-05-16,5,2026-05-16 14:44:04.071002
42504,625,2026-05-16,0,2026-05-16 14:44:04.264596
42505,667,2026-05-16,48,2026-05-16 14:44:02.56415
42506,743,2026-05-16,3,2026-05-16 14:44:03.062347
42507,107,2026-05-16,26,2026-05-16 14:44:02.163767
42508,624,2026-05-16,0,2026-05-16 14:44:04.264596
42509,744,2026-05-16,4,2026-05-16 14:44:03.062347
42510,59,2026-05-16,9,2026-05-16 14:44:04.071002
42511,668,2026-05-16,44,2026-05-16 14:44:02.56415
42512,108,2026-05-16,324,2026-05-16 14:44:02.163767
42513,623,2026-05-16,0,2026-05-16 14:44:04.264596
42514,745,2026-05-16,4,2026-05-16 14:44:03.062347
42515,60,2026-05-16,4,2026-05-16 14:44:04.071002
42516,669,2026-05-16,120,2026-05-16 14:44:02.56415
42517,622,2026-05-16,0,2026-05-16 14:44:04.264596
42518,746,2026-05-16,4,2026-05-16 14:44:03.062347
42519,109,2026-05-16,264,2026-05-16 14:44:02.163767
42520,61,2026-05-16,95,2026-05-16 14:44:04.071002
42521,621,2026-05-16,0,2026-05-16 14:44:04.264596
42522,670,2026-05-16,67,2026-05-16 14:44:02.56415
42523,747,2026-05-16,4,2026-05-16 14:44:03.062347
42524,110,2026-05-16,98,2026-05-16 14:44:02.163767
42525,620,2026-05-16,0,2026-05-16 14:44:04.264596
42526,62,2026-05-16,74,2026-05-16 14:44:04.071002
42527,748,2026-05-16,4,2026-05-16 14:44:03.062347
42528,111,2026-05-16,291,2026-05-16 14:44:02.163767
42529,671,2026-05-16,25,2026-05-16 14:44:02.56415
42530,619,2026-05-16,0,2026-05-16 14:44:04.264596
42531,749,2026-05-16,12,2026-05-16 14:44:03.062347
42532,63,2026-05-16,1,2026-05-16 14:44:04.071002
42533,618,2026-05-16,0,2026-05-16 14:44:04.264596
42534,112,2026-05-16,188,2026-05-16 14:44:02.163767
42535,672,2026-05-16,4,2026-05-16 14:44:02.56415
42536,64,2026-05-16,29,2026-05-16 14:44:04.071002
42537,750,2026-05-16,12,2026-05-16 14:44:03.062347
42538,617,2026-05-16,0,2026-05-16 14:44:04.264596
42539,113,2026-05-16,67,2026-05-16 14:44:02.163767
42540,673,2026-05-16,26,2026-05-16 14:44:02.56415
42541,616,2026-05-16,0,2026-05-16 14:44:04.264596
42542,751,2026-05-16,0,2026-05-16 14:44:03.062347
42543,65,2026-05-16,23,2026-05-16 14:44:04.071002
42544,615,2026-05-16,0,2026-05-16 14:44:04.264596
42545,114,2026-05-16,158,2026-05-16 14:44:02.163767
42546,674,2026-05-16,25,2026-05-16 14:44:02.56415
42547,614,2026-05-16,0,2026-05-16 14:44:04.264596
42548,66,2026-05-16,39,2026-05-16 14:44:04.071002
42549,752,2026-05-16,30,2026-05-16 14:44:03.062347
42550,115,2026-05-16,85,2026-05-16 14:44:02.163767
42551,675,2026-05-16,46,2026-05-16 14:44:02.56415
42552,613,2026-05-16,0,2026-05-16 14:44:04.264596
42553,67,2026-05-16,31,2026-05-16 14:44:04.071002
42554,753,2026-05-16,23,2026-05-16 14:44:03.062347
42555,116,2026-05-16,114,2026-05-16 14:44:02.163767
42556,676,2026-05-16,33,2026-05-16 14:44:02.56415
42557,612,2026-05-16,0,2026-05-16 14:44:04.264596
42558,68,2026-05-16,8,2026-05-16 14:44:04.071002
42559,754,2026-05-16,32,2026-05-16 14:44:03.062347
42560,611,2026-05-16,0,2026-05-16 14:44:04.264596
42561,117,2026-05-16,43,2026-05-16 14:44:02.163767
42562,677,2026-05-16,15,2026-05-16 14:44:02.56415
42563,69,2026-05-16,13,2026-05-16 14:44:04.071002
42564,755,2026-05-16,19,2026-05-16 14:44:03.062347
42565,610,2026-05-16,0,2026-05-16 14:44:04.264596
42566,678,2026-05-16,67,2026-05-16 14:44:02.56415
42567,118,2026-05-16,266,2026-05-16 14:44:02.163767
42568,608,2026-05-16,0,2026-05-16 14:44:04.264596
42569,70,2026-05-16,13,2026-05-16 14:44:04.071002
42570,756,2026-05-16,55,2026-05-16 14:44:03.062347
42571,119,2026-05-16,376,2026-05-16 14:44:02.163767
42572,679,2026-05-16,42,2026-05-16 14:44:02.56415
42573,609,2026-05-16,0,2026-05-16 14:44:04.264596
42574,71,2026-05-16,3,2026-05-16 14:44:04.071002
42575,757,2026-05-16,3,2026-05-16 14:44:03.062347
42576,607,2026-05-16,0,2026-05-16 14:44:04.264596
42577,120,2026-05-16,475,2026-05-16 14:44:02.163767
42578,680,2026-05-16,7,2026-05-16 14:44:02.56415
42579,72,2026-05-16,25,2026-05-16 14:44:04.071002
42580,606,2026-05-16,0,2026-05-16 14:44:04.264596
42581,758,2026-05-16,11,2026-05-16 14:44:03.062347
42582,121,2026-05-16,835,2026-05-16 14:44:02.163767
42583,605,2026-05-16,0,2026-05-16 14:44:04.264596
42584,681,2026-05-16,14,2026-05-16 14:44:02.56415
42585,73,2026-05-16,15,2026-05-16 14:44:04.071002
42586,759,2026-05-16,40,2026-05-16 14:44:03.062347
42587,122,2026-05-16,188,2026-05-16 14:44:02.163767
42588,604,2026-05-16,0,2026-05-16 14:44:04.264596
42589,682,2026-05-16,4,2026-05-16 14:44:02.56415
42590,74,2026-05-16,73,2026-05-16 14:44:04.071002
42591,603,2026-05-16,0,2026-05-16 14:44:04.264596
42592,760,2026-05-16,23,2026-05-16 14:44:03.062347
42593,123,2026-05-16,66,2026-05-16 14:44:02.163767
42594,683,2026-05-16,6,2026-05-16 14:44:02.56415
42595,602,2026-05-16,0,2026-05-16 14:44:04.264596
42596,75,2026-05-16,11,2026-05-16 14:44:04.071002
42597,761,2026-05-16,13,2026-05-16 14:44:03.062347
42598,124,2026-05-16,181,2026-05-16 14:44:02.163767
42599,684,2026-05-16,38,2026-05-16 14:44:02.56415
42600,601,2026-05-16,0,2026-05-16 14:44:04.264596
42601,76,2026-05-16,17,2026-05-16 14:44:04.071002
42602,125,2026-05-16,125,2026-05-16 14:44:02.163767
42603,600,2026-05-16,0,2026-05-16 14:44:04.264596
42604,762,2026-05-16,346,2026-05-16 14:44:03.062347
42605,685,2026-05-16,130,2026-05-16 14:44:02.56415
42606,77,2026-05-16,23,2026-05-16 14:44:04.071002
42607,126,2026-05-16,480,2026-05-16 14:44:02.163767
42608,599,2026-05-16,0,2026-05-16 14:44:04.264596
42609,763,2026-05-16,33,2026-05-16 14:44:03.062347
42610,78,2026-05-16,11,2026-05-16 14:44:04.071002
42611,598,2026-05-16,0,2026-05-16 14:44:04.264596
42612,127,2026-05-16,271,2026-05-16 14:44:02.163767
42613,686,2026-05-16,6,2026-05-16 14:44:02.56415
42614,764,2026-05-16,12,2026-05-16 14:44:03.062347
42615,597,2026-05-16,0,2026-05-16 14:44:04.264596
42616,79,2026-05-16,17,2026-05-16 14:44:04.071002
42617,128,2026-05-16,74,2026-05-16 14:44:02.163767
42618,596,2026-05-16,0,2026-05-16 14:44:04.264596
42619,687,2026-05-16,12,2026-05-16 14:44:02.56415
42620,765,2026-05-16,9,2026-05-16 14:44:03.062347
42621,80,2026-05-16,21,2026-05-16 14:44:04.071002
42622,129,2026-05-16,55,2026-05-16 14:44:02.163767
42623,595,2026-05-16,0,2026-05-16 14:44:04.264596
42624,688,2026-05-16,50,2026-05-16 14:44:02.56415
42625,766,2026-05-16,22,2026-05-16 14:44:03.062347
42626,81,2026-05-16,20,2026-05-16 14:44:04.071002
42627,130,2026-05-16,109,2026-05-16 14:44:02.163767
42628,594,2026-05-16,0,2026-05-16 14:44:04.264596
42629,689,2026-05-16,15,2026-05-16 14:44:02.56415
42630,767,2026-05-16,26,2026-05-16 14:44:03.062347
42631,487,2026-05-16,4,2026-05-16 14:44:04.264596
42632,82,2026-05-16,19,2026-05-16 14:44:04.071002
42633,131,2026-05-16,35,2026-05-16 14:44:02.163767
42634,690,2026-05-16,25,2026-05-16 14:44:02.56415
42635,488,2026-05-16,4,2026-05-16 14:44:04.264596
42636,768,2026-05-16,7,2026-05-16 14:44:03.062347
42637,83,2026-05-16,40,2026-05-16 14:44:04.071002
42638,132,2026-05-16,125,2026-05-16 14:44:02.163767
42639,490,2026-05-16,4,2026-05-16 14:44:04.264596
42640,769,2026-05-16,104,2026-05-16 14:44:03.062347
42641,691,2026-05-16,24,2026-05-16 14:44:02.56415
42642,84,2026-05-16,81,2026-05-16 14:44:04.071002
42643,133,2026-05-16,301,2026-05-16 14:44:02.163767
42644,491,2026-05-16,4,2026-05-16 14:44:04.264596
42645,770,2026-05-16,22,2026-05-16 14:44:03.062347
42646,692,2026-05-16,90,2026-05-16 14:44:02.56415
42647,134,2026-05-16,53,2026-05-16 14:44:02.163767
42648,493,2026-05-16,3,2026-05-16 14:44:04.264596
42649,85,2026-05-16,40,2026-05-16 14:44:04.071002
42650,771,2026-05-16,0,2026-05-16 14:44:03.062347
42651,135,2026-05-16,84,2026-05-16 14:44:02.163767
42652,693,2026-05-16,29,2026-05-16 14:44:02.56415
42653,495,2026-05-16,3,2026-05-16 14:44:04.264596
42654,86,2026-05-16,37,2026-05-16 14:44:04.071002
42655,772,2026-05-16,12,2026-05-16 14:44:03.062347
42656,496,2026-05-16,4,2026-05-16 14:44:04.264596
42657,694,2026-05-16,36,2026-05-16 14:44:02.56415
42658,136,2026-05-16,129,2026-05-16 14:44:02.163767
42659,87,2026-05-16,90,2026-05-16 14:44:04.071002
42660,773,2026-05-16,2,2026-05-16 14:44:03.062347
42661,695,2026-05-16,9,2026-05-16 14:44:02.56415
42662,88,2026-05-16,203,2026-05-16 14:44:04.071002
42663,137,2026-05-16,120,2026-05-16 14:44:02.163767
42664,774,2026-05-16,42,2026-05-16 14:44:03.062347
42665,696,2026-05-16,9,2026-05-16 14:44:02.56415
42666,89,2026-05-16,34,2026-05-16 14:44:04.071002
42667,1,2026-05-16,16,2026-05-16 14:44:04.264596
42668,138,2026-05-16,68,2026-05-16 14:44:02.163767
42669,775,2026-05-16,67,2026-05-16 14:44:03.062347
42670,697,2026-05-16,40,2026-05-16 14:44:02.56415
42671,90,2026-05-16,72,2026-05-16 14:44:04.071002
42672,2,2026-05-16,22,2026-05-16 14:44:04.264596
42673,139,2026-05-16,117,2026-05-16 14:44:02.163767
42674,776,2026-05-16,7,2026-05-16 14:44:03.062347
42675,698,2026-05-16,89,2026-05-16 14:44:02.56415
42676,91,2026-05-16,46,2026-05-16 14:44:04.071002
42677,3,2026-05-16,21,2026-05-16 14:44:04.264596
42678,140,2026-05-16,85,2026-05-16 14:44:02.163767
42679,777,2026-05-16,6,2026-05-16 14:44:03.062347
42680,92,2026-05-16,57,2026-05-16 14:44:04.071002
42681,4,2026-05-16,34,2026-05-16 14:44:04.264596
42682,699,2026-05-16,15,2026-05-16 14:44:02.56415
42683,141,2026-05-16,122,2026-05-16 14:44:02.163767
42684,778,2026-05-16,61,2026-05-16 14:44:03.062347
42685,5,2026-05-16,12,2026-05-16 14:44:04.264596
42686,93,2026-05-16,57,2026-05-16 14:44:04.071002
42687,700,2026-05-16,79,2026-05-16 14:44:02.56415
42688,142,2026-05-16,108,2026-05-16 14:44:02.163767
42689,779,2026-05-16,30,2026-05-16 14:44:03.062347
42690,94,2026-05-16,76,2026-05-16 14:44:04.071002
42691,6,2026-05-16,0,2026-05-16 14:44:04.264596
42692,701,2026-05-16,20,2026-05-16 14:44:02.56415
42693,780,2026-05-16,41,2026-05-16 14:44:03.062347
42694,143,2026-05-16,280,2026-05-16 14:44:02.163767
42695,7,2026-05-16,24,2026-05-16 14:44:04.264596
42696,702,2026-05-16,16,2026-05-16 14:44:02.56415
42697,95,2026-05-16,23,2026-05-16 14:44:04.071002
42698,781,2026-05-16,6,2026-05-16 14:44:03.062347
42699,144,2026-05-16,93,2026-05-16 14:44:02.163767
42700,8,2026-05-16,46,2026-05-16 14:44:04.264596
42701,703,2026-05-16,26,2026-05-16 14:44:02.56415
42702,96,2026-05-16,2,2026-05-16 14:44:04.071002
42703,782,2026-05-16,3,2026-05-16 14:44:03.062347
42704,145,2026-05-16,270,2026-05-16 14:44:02.163767
42705,9,2026-05-16,16,2026-05-16 14:44:04.264596
42706,97,2026-05-16,81,2026-05-16 14:44:04.071002
42707,704,2026-05-16,7,2026-05-16 14:44:02.56415
42708,146,2026-05-16,61,2026-05-16 14:44:02.163767
42709,10,2026-05-16,56,2026-05-16 14:44:04.264596
42710,783,2026-05-16,19,2026-05-16 14:44:03.062347
42711,98,2026-05-16,20,2026-05-16 14:44:04.071002
42712,705,2026-05-16,38,2026-05-16 14:44:02.56415
42713,147,2026-05-16,270,2026-05-16 14:44:02.163767
42714,11,2026-05-16,150,2026-05-16 14:44:04.264596
42715,784,2026-05-16,13,2026-05-16 14:44:03.062347
42716,99,2026-05-16,60,2026-05-16 14:44:04.071002
42717,148,2026-05-16,48,2026-05-16 14:44:02.163767
42718,706,2026-05-16,56,2026-05-16 14:44:02.56415
42719,12,2026-05-16,58,2026-05-16 14:44:04.264596
42720,785,2026-05-16,69,2026-05-16 14:44:03.062347
42721,100,2026-05-16,486,2026-05-16 14:44:04.071002
42722,707,2026-05-16,28,2026-05-16 14:44:02.56415
42723,149,2026-05-16,113,2026-05-16 14:44:02.163767
42724,13,2026-05-16,2,2026-05-16 14:44:04.264596
42725,786,2026-05-16,44,2026-05-16 14:44:03.062347
42726,378,2026-05-16,68,2026-05-16 14:44:04.071002
42727,708,2026-05-16,6,2026-05-16 14:44:02.56415
42728,14,2026-05-16,48,2026-05-16 14:44:04.264596
42729,150,2026-05-16,71,2026-05-16 14:44:02.163767
42730,379,2026-05-16,102,2026-05-16 14:44:04.071002
42731,787,2026-05-16,79,2026-05-16 14:44:03.062347
42732,709,2026-05-16,19,2026-05-16 14:44:02.56415
42733,15,2026-05-16,21,2026-05-16 14:44:04.264596
42734,410,2026-05-16,25,2026-05-16 14:44:02.163767
42735,380,2026-05-16,41,2026-05-16 14:44:04.071002
42736,710,2026-05-16,18,2026-05-16 14:44:02.56415
42737,788,2026-05-16,55,2026-05-16 14:44:03.062347
42738,411,2026-05-16,38,2026-05-16 14:44:02.163767
42739,16,2026-05-16,31,2026-05-16 14:44:04.264596
42740,381,2026-05-16,370,2026-05-16 14:44:04.071002
42741,711,2026-05-16,52,2026-05-16 14:44:02.56415
42742,789,2026-05-16,47,2026-05-16 14:44:03.062347
42743,17,2026-05-16,0,2026-05-16 14:44:04.264596
42744,412,2026-05-16,155,2026-05-16 14:44:02.163767
42745,382,2026-05-16,78,2026-05-16 14:44:04.071002
42746,712,2026-05-16,68,2026-05-16 14:44:02.56415
42747,790,2026-05-16,58,2026-05-16 14:44:03.062347
42748,18,2026-05-16,60,2026-05-16 14:44:04.264596
42749,413,2026-05-16,70,2026-05-16 14:44:02.163767
42750,383,2026-05-16,36,2026-05-16 14:44:04.071002
42751,713,2026-05-16,11,2026-05-16 14:44:02.56415
42752,19,2026-05-16,3,2026-05-16 14:44:04.264596
42753,791,2026-05-16,112,2026-05-16 14:44:03.062347
42754,414,2026-05-16,46,2026-05-16 14:44:02.163767
42755,714,2026-05-16,89,2026-05-16 14:44:02.56415
42756,384,2026-05-16,46,2026-05-16 14:44:04.071002
42757,20,2026-05-16,36,2026-05-16 14:44:04.264596
42758,792,2026-05-16,79,2026-05-16 14:44:03.062347
42759,415,2026-05-16,205,2026-05-16 14:44:02.163767
42760,715,2026-05-16,15,2026-05-16 14:44:02.56415
42761,385,2026-05-16,319,2026-05-16 14:44:04.071002
42762,21,2026-05-16,28,2026-05-16 14:44:04.264596
42763,793,2026-05-16,9,2026-05-16 14:44:03.062347
42764,416,2026-05-16,87,2026-05-16 14:44:02.163767
42765,716,2026-05-16,5,2026-05-16 14:44:02.56415
42766,22,2026-05-16,12,2026-05-16 14:44:04.264596
42767,386,2026-05-16,73,2026-05-16 14:44:04.071002
42768,794,2026-05-16,24,2026-05-16 14:44:03.062347
42769,417,2026-05-16,151,2026-05-16 14:44:02.163767
42770,23,2026-05-16,31,2026-05-16 14:44:04.264596
42771,717,2026-05-16,51,2026-05-16 14:44:02.56415
42772,387,2026-05-16,71,2026-05-16 14:44:04.071002
42773,795,2026-05-16,22,2026-05-16 14:44:03.062347
42774,418,2026-05-16,174,2026-05-16 14:44:02.163767
42775,24,2026-05-16,24,2026-05-16 14:44:04.264596
42776,388,2026-05-16,88,2026-05-16 14:44:04.071002
42777,718,2026-05-16,118,2026-05-16 14:44:02.56415
42778,796,2026-05-16,7,2026-05-16 14:44:03.062347
42779,419,2026-05-16,48,2026-05-16 14:44:02.163767
42780,25,2026-05-16,18,2026-05-16 14:44:04.264596
42781,719,2026-05-16,54,2026-05-16 14:44:02.56415
42782,389,2026-05-16,149,2026-05-16 14:44:04.071002
42783,797,2026-05-16,39,2026-05-16 14:44:03.062347
42784,420,2026-05-16,335,2026-05-16 14:44:02.163767
42785,26,2026-05-16,47,2026-05-16 14:44:04.264596
42786,720,2026-05-16,33,2026-05-16 14:44:02.56415
42787,390,2026-05-16,107,2026-05-16 14:44:04.071002
42788,27,2026-05-16,11,2026-05-16 14:44:04.264596
42789,798,2026-05-16,52,2026-05-16 14:44:03.062347
42790,421,2026-05-16,31,2026-05-16 14:44:02.163767
42791,721,2026-05-16,47,2026-05-16 14:44:02.56415
42792,391,2026-05-16,98,2026-05-16 14:44:04.071002
42793,28,2026-05-16,8,2026-05-16 14:44:04.264596
42794,799,2026-05-16,0,2026-05-16 14:44:03.062347
42795,422,2026-05-16,468,2026-05-16 14:44:02.163767
42796,722,2026-05-16,78,2026-05-16 14:44:02.56415
42797,392,2026-05-16,94,2026-05-16 14:44:04.071002
42798,29,2026-05-16,30,2026-05-16 14:44:04.264596
42799,800,2026-05-16,164,2026-05-16 14:44:03.062347
42800,423,2026-05-16,54,2026-05-16 14:44:02.163767
42801,723,2026-05-16,86,2026-05-16 14:44:02.56415
42802,30,2026-05-16,23,2026-05-16 14:44:04.264596
42803,393,2026-05-16,204,2026-05-16 14:44:04.071002
42804,424,2026-05-16,310,2026-05-16 14:44:02.163767
42805,801,2026-05-16,138,2026-05-16 14:44:03.062347
42806,724,2026-05-16,6,2026-05-16 14:44:02.56415
42807,31,2026-05-16,40,2026-05-16 14:44:04.264596
42808,394,2026-05-16,61,2026-05-16 14:44:04.071002
42809,425,2026-05-16,203,2026-05-16 14:44:02.163767
42810,802,2026-05-16,51,2026-05-16 14:44:03.062347
42811,725,2026-05-16,213,2026-05-16 14:44:02.56415
42812,395,2026-05-16,227,2026-05-16 14:44:04.071002
42813,426,2026-05-16,184,2026-05-16 14:44:02.163767
42814,32,2026-05-16,21,2026-05-16 14:44:04.264596
42815,803,2026-05-16,18,2026-05-16 14:44:03.062347
42816,726,2026-05-16,21,2026-05-16 14:44:02.56415
42817,396,2026-05-16,203,2026-05-16 14:44:04.071002
42818,427,2026-05-16,56,2026-05-16 14:44:02.163767
42819,727,2026-05-16,3,2026-05-16 14:44:02.56415
42820,804,2026-05-16,10,2026-05-16 14:44:03.062347
42821,33,2026-05-16,20,2026-05-16 14:44:04.264596
42822,397,2026-05-16,105,2026-05-16 14:44:04.071002
42823,428,2026-05-16,627,2026-05-16 14:44:02.163767
42824,728,2026-05-16,15,2026-05-16 14:44:02.56415
42825,805,2026-05-16,1,2026-05-16 14:44:03.062347
42826,34,2026-05-16,23,2026-05-16 14:44:04.264596
42827,429,2026-05-16,242,2026-05-16 14:44:02.163767
42828,398,2026-05-16,7,2026-05-16 14:44:04.071002
42829,729,2026-05-16,11,2026-05-16 14:44:02.56415
42830,35,2026-05-16,59,2026-05-16 14:44:04.264596
42831,806,2026-05-16,15,2026-05-16 14:44:03.062347
42832,399,2026-05-16,61,2026-05-16 14:44:04.071002
42833,430,2026-05-16,117,2026-05-16 14:44:02.163767
42834,730,2026-05-16,63,2026-05-16 14:44:02.56415
42835,36,2026-05-16,15,2026-05-16 14:44:04.264596
42836,807,2026-05-16,3,2026-05-16 14:44:03.062347
42837,400,2026-05-16,318,2026-05-16 14:44:04.071002
42838,431,2026-05-16,115,2026-05-16 14:44:02.163767
42839,731,2026-05-16,104,2026-05-16 14:44:02.56415
42840,37,2026-05-16,6,2026-05-16 14:44:04.264596
42841,808,2026-05-16,43,2026-05-16 14:44:03.062347
42842,432,2026-05-16,125,2026-05-16 14:44:02.163767
42843,401,2026-05-16,18,2026-05-16 14:44:04.071002
42844,732,2026-05-16,67,2026-05-16 14:44:02.56415
42845,500,2026-05-16,0,2026-05-16 14:44:04.264596
42846,809,2026-05-16,9,2026-05-16 14:44:03.062347
42847,471,2026-05-16,0,2026-05-16 14:44:04.264596
42848,433,2026-05-16,74,2026-05-16 14:44:02.163767
42849,402,2026-05-16,44,2026-05-16 14:44:04.071002
42850,810,2026-05-16,9,2026-05-16 14:44:03.062347
42851,472,2026-05-16,0,2026-05-16 14:44:04.264596
42852,434,2026-05-16,164,2026-05-16 14:44:02.163767
42853,443,2026-05-16,25,2026-05-16 14:44:04.071002
42854,473,2026-05-16,0,2026-05-16 14:44:04.264596
42855,811,2026-05-16,9,2026-05-16 14:44:03.062347
42856,435,2026-05-16,135,2026-05-16 14:44:02.163767
42857,444,2026-05-16,30,2026-05-16 14:44:04.071002
42858,155,2026-05-16,0,2026-05-16 14:44:04.264596
42859,436,2026-05-16,318,2026-05-16 14:44:02.163767
42860,812,2026-05-16,29,2026-05-16 14:44:03.062347
42861,38,2026-05-16,0,2026-05-16 14:44:04.264596
42862,177,2026-05-16,182,2026-05-16 14:44:04.071002
42863,160,2026-05-16,96,2026-05-16 14:44:02.163767
42864,39,2026-05-16,0,2026-05-16 14:44:04.264596
42865,445,2026-05-16,1,2026-05-16 14:44:04.071002
42866,40,2026-05-16,0,2026-05-16 14:44:04.264596
42867,437,2026-05-16,103,2026-05-16 14:44:02.163767
42868,41,2026-05-16,0,2026-05-16 14:44:04.264596
42869,446,2026-05-16,0,2026-05-16 14:44:04.071002
42870,438,2026-05-16,278,2026-05-16 14:44:02.163767
42871,42,2026-05-16,0,2026-05-16 14:44:04.264596
42872,447,2026-05-16,36,2026-05-16 14:44:04.071002
42873,439,2026-05-16,167,2026-05-16 14:44:02.163767
42874,43,2026-05-16,92,2026-05-16 14:44:04.264596
42875,440,2026-05-16,60,2026-05-16 14:44:02.163767
42876,448,2026-05-16,53,2026-05-16 14:44:04.071002
42877,44,2026-05-16,122,2026-05-16 14:44:04.264596
42878,441,2026-05-16,156,2026-05-16 14:44:02.163767
42879,449,2026-05-16,38,2026-05-16 14:44:04.071002
42880,45,2026-05-16,42,2026-05-16 14:44:04.264596
42881,442,2026-05-16,90,2026-05-16 14:44:02.163767
42882,450,2026-05-16,123,2026-05-16 14:44:04.071002
42883,46,2026-05-16,63,2026-05-16 14:44:04.264596
42884,451,2026-05-16,100,2026-05-16 14:44:04.071002
42885,47,2026-05-16,107,2026-05-16 14:44:04.264596
42886,452,2026-05-16,121,2026-05-16 14:44:04.071002
42887,48,2026-05-16,40,2026-05-16 14:44:04.264596
42888,49,2026-05-16,258,2026-05-16 14:44:04.264596
42889,453,2026-05-16,255,2026-05-16 14:44:04.071002
42890,50,2026-05-16,105,2026-05-16 14:44:04.264596
42891,454,2026-05-16,201,2026-05-16 14:44:04.071002
42892,156,2026-05-16,74,2026-05-16 14:44:04.264596
42893,455,2026-05-16,83,2026-05-16 14:44:04.071002
42894,157,2026-05-16,206,2026-05-16 14:44:04.264596
42895,456,2026-05-16,103,2026-05-16 14:44:04.071002
42896,158,2026-05-16,157,2026-05-16 14:44:04.264596
42897,457,2026-05-16,91,2026-05-16 14:44:04.071002
42898,159,2026-05-16,512,2026-05-16 14:44:04.264596
42899,458,2026-05-16,16,2026-05-16 14:44:04.071002
42900,497,2026-05-16,96,2026-05-16 14:44:04.264596
42901,459,2026-05-16,13,2026-05-16 14:44:04.071002
42902,161,2026-05-16,101,2026-05-16 14:44:04.264596
42903,162,2026-05-16,2143,2026-05-16 14:44:04.264596
42904,163,2026-05-16,251,2026-05-16 14:44:04.264596
42905,164,2026-05-16,165,2026-05-16 14:44:04.264596
42906,165,2026-05-16,82,2026-05-16 14:44:04.264596
42907,166,2026-05-16,193,2026-05-16 14:44:04.264596
42908,167,2026-05-16,177,2026-05-16 14:44:04.264596
42909,168,2026-05-16,106,2026-05-16 14:44:04.264596
42910,169,2026-05-16,91,2026-05-16 14:44:04.264596
42911,170,2026-05-16,145,2026-05-16 14:44:04.264596
42912,171,2026-05-16,33,2026-05-16 14:44:04.264596
42913,172,2026-05-16,117,2026-05-16 14:44:04.264596
42914,173,2026-05-16,143,2026-05-16 14:44:04.264596
42915,174,2026-05-16,61,2026-05-16 14:44:04.264596
42916,175,2026-05-16,83,2026-05-16 14:44:04.264596
42917,176,2026-05-16,49,2026-05-16 14:44:04.264596
42918,498,2026-05-16,182,2026-05-16 14:44:04.264596
42919,178,2026-05-16,314,2026-05-16 14:44:04.264596
42920,179,2026-05-16,335,2026-05-16 14:44:04.264596
42921,180,2026-05-16,123,2026-05-16 14:44:04.264596
42922,181,2026-05-16,377,2026-05-16 14:44:04.264596
42923,182,2026-05-16,128,2026-05-16 14:44:04.264596
42924,183,2026-05-16,412,2026-05-16 14:44:04.264596
42925,184,2026-05-16,178,2026-05-16 14:44:04.264596
42926,185,2026-05-16,663,2026-05-16 14:44:04.264596
42927,186,2026-05-16,209,2026-05-16 14:44:04.264596
42928,187,2026-05-16,179,2026-05-16 14:44:04.264596
42929,188,2026-05-16,236,2026-05-16 14:44:04.264596
42930,189,2026-05-16,81,2026-05-16 14:44:04.264596
42931,190,2026-05-16,229,2026-05-16 14:44:04.264596
42932,191,2026-05-16,89,2026-05-16 14:44:04.264596
42933,192,2026-05-16,145,2026-05-16 14:44:04.264596
42934,193,2026-05-16,186,2026-05-16 14:44:04.264596
42935,194,2026-05-16,80,2026-05-16 14:44:04.264596
42936,195,2026-05-16,66,2026-05-16 14:44:04.264596
42937,196,2026-05-16,188,2026-05-16 14:44:04.264596
42938,197,2026-05-16,31,2026-05-16 14:44:04.264596
42939,198,2026-05-16,194,2026-05-16 14:44:04.264596
42940,199,2026-05-16,312,2026-05-16 14:44:04.264596
42941,200,2026-05-16,172,2026-05-16 14:44:04.264596
42942,201,2026-05-16,97,2026-05-16 14:44:04.264596
42943,202,2026-05-16,56,2026-05-16 14:44:04.264596
